review_id,n_studies,doi,years
CD000028_pub4,16,10.1002/14651858.CD000028.pub4,1970
CD000028_pub4,16,10.1002/14651858.CD000028.pub4,2008
CD000143_pub2,9,10.1002/14651858.CD000143.pub2,1982
CD000143_pub2,9,10.1002/14651858.CD000143.pub2,2005
CD000219_pub5,17,10.1002/14651858.CD000219.pub5,1968
CD000219_pub5,17,10.1002/14651858.CD000219.pub5,2021
CD000478_pub5,10,10.1002/14651858.CD000478.pub5,1974
CD000478_pub5,10,10.1002/14651858.CD000478.pub5,2023
CD000547_pub3,39,10.1002/14651858.CD000547.pub3,1989
CD000547_pub3,39,10.1002/14651858.CD000547.pub3,2021
CD001072_pub2,1,10.1002/14651858.CD001072.pub2,1982
CD001072_pub2,1,10.1002/14651858.CD001072.pub2,1982
CD001155_pub3,104,10.1002/14651858.CD001155.pub3,1995
CD001155_pub3,104,10.1002/14651858.CD001155.pub3,2017
CD001321_pub7,38,10.1002/14651858.CD001321.pub7,1994
CD001321_pub7,38,10.1002/14651858.CD001321.pub7,2021
CD001396_pub4,28,10.1002/14651858.CD001396.pub4,1991
CD001396_pub4,28,10.1002/14651858.CD001396.pub4,2020
CD001431_pub6,188,10.1002/14651858.CD001431.pub6,1996
CD001431_pub6,188,10.1002/14651858.CD001431.pub6,2022
CD001533_pub7,49,10.1002/14651858.CD001533.pub7,1979
CD001533_pub7,49,10.1002/14651858.CD001533.pub7,2023
CD001552_pub3,14,10.1002/14651858.CD001552.pub3,1964
CD001552_pub3,14,10.1002/14651858.CD001552.pub3,2020
CD001703_pub4,20,10.1002/14651858.CD001703.pub4,1976
CD001703_pub4,20,10.1002/14651858.CD001703.pub4,2020
CD001797_pub4,8,10.1002/14651858.CD001797.pub4,1993
CD001797_pub4,8,10.1002/14651858.CD001797.pub4,2012
CD001837_pub4,72,10.1002/14651858.CD001837.pub4,1990
CD001837_pub4,72,10.1002/14651858.CD001837.pub4,2022
CD001909_pub4,14,10.1002/14651858.CD001909.pub4,1989
CD001909_pub4,14,10.1002/14651858.CD001909.pub4,2010
CD001920_pub4,196,10.1002/14651858.CD001920.pub4,1992
CD001920_pub4,196,10.1002/14651858.CD001920.pub4,2022
CD002042_pub6,66,10.1002/14651858.CD002042.pub6,1956
CD002042_pub6,66,10.1002/14651858.CD002042.pub6,2025
CD002052_pub4,6,10.1002/14651858.CD002052.pub4,1994
CD002052_pub4,6,10.1002/14651858.CD002052.pub4,2020
CD002112_pub2,81,10.1002/14651858.CD002112.pub2,1978
CD002112_pub2,81,10.1002/14651858.CD002112.pub2,2022
CD002115_pub6,21,10.1002/14651858.CD002115.pub6,1997
CD002115_pub6,21,10.1002/14651858.CD002115.pub6,2023
CD002122_pub3,32,10.1002/14651858.CD002122.pub3,1987
CD002122_pub3,32,10.1002/14651858.CD002122.pub3,2023
CD002203_pub5,12,10.1002/14651858.CD002203.pub5,2002
CD002203_pub5,12,10.1002/14651858.CD002203.pub5,2022
CD002243_pub5,78,10.1002/14651858.CD002243.pub5,1972
CD002243_pub5,78,10.1002/14651858.CD002243.pub5,2023
CD002290_pub6,57,10.1002/14651858.CD002290.pub6,1970
CD002290_pub6,57,10.1002/14651858.CD002290.pub6,2024
CD002303_pub4,8,10.1002/14651858.CD002303.pub4,1995
CD002303_pub4,8,10.1002/14651858.CD002303.pub4,2019
CD002971_pub6,12,10.1002/14651858.CD002971.pub6,1977
CD002971_pub6,12,10.1002/14651858.CD002971.pub6,2024
CD003129_pub2,5,10.1002/14651858.CD003129.pub2,1992
CD003129_pub2,5,10.1002/14651858.CD003129.pub2,2017
CD003214_pub4,1,10.1002/14651858.CD003214.pub4,1998
CD003214_pub4,1,10.1002/14651858.CD003214.pub4,1998
CD003216_pub3,32,10.1002/14651858.CD003216.pub3,1967
CD003216_pub3,32,10.1002/14651858.CD003216.pub3,2021
CD003218_pub3,6,10.1002/14651858.CD003218.pub3,1997
CD003218_pub3,6,10.1002/14651858.CD003218.pub3,2012
CD003331_pub6,55,10.1002/14651858.CD003331.pub6,1995
CD003331_pub6,55,10.1002/14651858.CD003331.pub6,2021
CD003333_pub4,4,10.1002/14651858.CD003333.pub4,2004
CD003333_pub4,4,10.1002/14651858.CD003333.pub4,2012
CD003357_pub5,9,10.1002/14651858.CD003357.pub5,1993
CD003357_pub5,9,10.1002/14651858.CD003357.pub5,2017
CD003376_pub4,26,10.1002/14651858.CD003376.pub4,1990
CD003376_pub4,26,10.1002/14651858.CD003376.pub4,2005
CD003414_pub4,29,10.1002/14651858.CD003414.pub4,1994
CD003414_pub4,29,10.1002/14651858.CD003414.pub4,2022
CD003429_pub5,3,10.1002/14651858.CD003429.pub5,2007
CD003429_pub5,3,10.1002/14651858.CD003429.pub5,2016
CD003451_pub3,28,10.1002/14651858.CD003451.pub3,2001
CD003451_pub3,28,10.1002/14651858.CD003451.pub3,2023
CD003477_pub5,28,10.1002/14651858.CD003477.pub5,1998
CD003477_pub5,28,10.1002/14651858.CD003477.pub5,2022
CD003511_pub6,8,10.1002/14651858.CD003511.pub6,1953
CD003511_pub6,8,10.1002/14651858.CD003511.pub6,2015
CD003519_pub5,60,10.1002/14651858.CD003519.pub5,1976
CD003519_pub5,60,10.1002/14651858.CD003519.pub5,2024
CD003594_pub7,26,10.1002/14651858.CD003594.pub7,1970
CD003594_pub7,26,10.1002/14651858.CD003594.pub7,2020
CD003598_pub3,76,10.1002/14651858.CD003598.pub3,1984
CD003598_pub3,76,10.1002/14651858.CD003598.pub3,2022
CD003743_pub3,1,10.1002/14651858.CD003743.pub3,1999
CD003743_pub3,1,10.1002/14651858.CD003743.pub3,1999
CD003774_pub5,41,10.1002/14651858.CD003774.pub5,1989
CD003774_pub5,41,10.1002/14651858.CD003774.pub5,2020
CD003833_pub5,8,10.1002/14651858.CD003833.pub5,1984
CD003833_pub5,8,10.1002/14651858.CD003833.pub5,2019
CD003962_pub3,64,10.1002/14651858.CD003962.pub3,1980
CD003962_pub3,64,10.1002/14651858.CD003962.pub3,2020
CD004184_pub3,25,10.1002/14651858.CD004184.pub3,1992
CD004184_pub3,25,10.1002/14651858.CD004184.pub3,2021
CD004307_pub7,56,10.1002/14651858.CD004307.pub7,1988
CD004307_pub7,56,10.1002/14651858.CD004307.pub7,2023
CD004372_pub3,3,10.1002/14651858.CD004372.pub3,2014
CD004372_pub3,3,10.1002/14651858.CD004372.pub3,2018
CD004376_pub4,138,10.1002/14651858.CD004376.pub4,1992
CD004376_pub4,138,10.1002/14651858.CD004376.pub4,2023
CD004406_pub6,18,10.1002/14651858.CD004406.pub6,1973
CD004406_pub6,18,10.1002/14651858.CD004406.pub6,2002
CD004417_pub6,11,10.1002/14651858.CD004417.pub6,1987
CD004417_pub6,11,10.1002/14651858.CD004417.pub6,2021
CD004508_pub5,7,10.1002/14651858.CD004508.pub5,1998
CD004508_pub5,7,10.1002/14651858.CD004508.pub5,2015
CD004661_pub4,6,10.1002/14651858.CD004661.pub4,2002
CD004661_pub4,6,10.1002/14651858.CD004661.pub4,2023
CD004667_pub6,17,10.1002/14651858.CD004667.pub6,1989
CD004667_pub6,17,10.1002/14651858.CD004667.pub6,2020
CD004703_pub3,21,10.1002/14651858.CD004703.pub3,1996
CD004703_pub3,21,10.1002/14651858.CD004703.pub3,2022
CD004736_pub6,41,10.1002/14651858.CD004736.pub6,1947
CD004736_pub6,41,10.1002/14651858.CD004736.pub6,2017
CD004762_pub3,7,10.1002/14651858.CD004762.pub3,1990
CD004762_pub3,7,10.1002/14651858.CD004762.pub3,2021
CD004871_pub5,30,10.1002/14651858.CD004871.pub5,2001
CD004871_pub5,30,10.1002/14651858.CD004871.pub5,2021
CD004904_pub4,4,10.1002/14651858.CD004904.pub4,1983
CD004904_pub4,4,10.1002/14651858.CD004904.pub4,2017
CD004925_pub4,11,10.1002/14651858.CD004925.pub4,1995
CD004925_pub4,11,10.1002/14651858.CD004925.pub4,2022
CD004953_pub5,14,10.1002/14651858.CD004953.pub5,2005
CD004953_pub5,14,10.1002/14651858.CD004953.pub5,2024
CD004992_pub4,8,10.1002/14651858.CD004992.pub4,1998
CD004992_pub4,8,10.1002/14651858.CD004992.pub4,2018
CD005133_pub4,21,10.1002/14651858.CD005133.pub4,1994
CD005133_pub4,21,10.1002/14651858.CD005133.pub4,2023
CD005187_pub6,4,10.1002/14651858.CD005187.pub6,1997
CD005187_pub6,4,10.1002/14651858.CD005187.pub6,2009
CD005343_pub7,4,10.1002/14651858.CD005343.pub7,2010
CD005343_pub7,4,10.1002/14651858.CD005343.pub7,2016
CD005495_pub5,34,10.1002/14651858.CD005495.pub5,1984
CD005495_pub5,34,10.1002/14651858.CD005495.pub5,2023
CD005566_pub4,69,10.1002/14651858.CD005566.pub4,1976
CD005566_pub4,69,10.1002/14651858.CD005566.pub4,2020
CD005582_pub5,5,10.1002/14651858.CD005582.pub5,1970
CD005582_pub5,5,10.1002/14651858.CD005582.pub5,1996
CD005595_pub4,46,10.1002/14651858.CD005595.pub4,1986
CD005595_pub4,46,10.1002/14651858.CD005595.pub4,2024
CD005951_pub5,19,10.1002/14651858.CD005951.pub5,1999
CD005951_pub5,19,10.1002/14651858.CD005951.pub5,2023
CD006023_pub4,110,10.1002/14651858.CD006023.pub4,1992
CD006023_pub4,110,10.1002/14651858.CD006023.pub4,2024
CD006027_pub3,29,10.1002/14651858.CD006027.pub3,1980
CD006027_pub3,29,10.1002/14651858.CD006027.pub3,2022
CD006124_pub3,10,10.1002/14651858.CD006124.pub3,2001
CD006124_pub3,10,10.1002/14651858.CD006124.pub3,2017
CD006140_pub3,20,10.1002/14651858.CD006140.pub3,2006
CD006140_pub3,20,10.1002/14651858.CD006140.pub3,2022
CD006182_pub3,3,10.1002/14651858.CD006182.pub3,2006
CD006182_pub3,3,10.1002/14651858.CD006182.pub3,2021
CD006185_pub6,101,10.1002/14651858.CD006185.pub6,2002
CD006185_pub6,101,10.1002/14651858.CD006185.pub6,2024
CD006214_pub5,1,10.1002/14651858.CD006214.pub5,1982
CD006214_pub5,1,10.1002/14651858.CD006214.pub5,1982
CD006257_pub2,81,10.1002/14651858.CD006257.pub2,1987
CD006257_pub2,81,10.1002/14651858.CD006257.pub2,2020
CD006273_pub4,4,10.1002/14651858.CD006273.pub4,2000
CD006273_pub4,4,10.1002/14651858.CD006273.pub4,2018
CD006404_pub5,20,10.1002/14651858.CD006404.pub5,1996
CD006404_pub5,20,10.1002/14651858.CD006404.pub5,2025
CD006475_pub3,24,10.1002/14651858.CD006475.pub3,2001
CD006475_pub3,24,10.1002/14651858.CD006475.pub3,2020
CD006515_pub2,2,10.1002/14651858.CD006515.pub2,1994
CD006515_pub2,2,10.1002/14651858.CD006515.pub2,1999
CD006536_pub5,54,10.1002/14651858.CD006536.pub5,2004
CD006536_pub5,54,10.1002/14651858.CD006536.pub5,2021
CD006606_pub5,4,10.1002/14651858.CD006606.pub5,2013
CD006606_pub5,4,10.1002/14651858.CD006606.pub5,2022
CD006632_pub3,39,10.1002/14651858.CD006632.pub3,1993
CD006632_pub3,39,10.1002/14651858.CD006632.pub3,2019
CD006689_pub3,14,10.1002/14651858.CD006689.pub3,2006
CD006689_pub3,14,10.1002/14651858.CD006689.pub3,2024
CD006712_pub3,13,10.1002/14651858.CD006712.pub3,1992
CD006712_pub3,13,10.1002/14651858.CD006712.pub3,2020
CD006714_pub3,3,10.1002/14651858.CD006714.pub3,2004
CD006714_pub3,3,10.1002/14651858.CD006714.pub3,2015
CD006742_pub3,5,10.1002/14651858.CD006742.pub3,1978
CD006742_pub3,5,10.1002/14651858.CD006742.pub3,2004
CD006839_pub5,8,10.1002/14651858.CD006839.pub5,2005
CD006839_pub5,8,10.1002/14651858.CD006839.pub5,2020
CD006913_pub3,50,10.1002/14651858.CD006913.pub3,1986
CD006913_pub3,50,10.1002/14651858.CD006913.pub3,2022
CD006919_pub5,40,10.1002/14651858.CD006919.pub5,1988
CD006919_pub5,40,10.1002/14651858.CD006919.pub5,2020
CD006942_pub4,16,10.1002/14651858.CD006942.pub4,1991
CD006942_pub4,16,10.1002/14651858.CD006942.pub4,2019
CD006982_pub5,12,10.1002/14651858.CD006982.pub5,1994
CD006982_pub5,12,10.1002/14651858.CD006982.pub5,2022
CD007024_pub3,21,10.1002/14651858.CD007024.pub3,1993
CD007024_pub3,21,10.1002/14651858.CD007024.pub3,2016
CD007026_pub7,6,10.1002/14651858.CD007026.pub7,2004
CD007026_pub7,6,10.1002/14651858.CD007026.pub7,2014
CD007079_pub4,19,10.1002/14651858.CD007079.pub4,1978
CD007079_pub4,19,10.1002/14651858.CD007079.pub4,2013
CD007110_pub4,9,10.1002/14651858.CD007110.pub4,Inf
CD007110_pub4,9,10.1002/14651858.CD007110.pub4,-Inf
CD007130_pub5,24,10.1002/14651858.CD007130.pub5,1984
CD007130_pub5,24,10.1002/14651858.CD007130.pub5,2019
CD007156_pub3,24,10.1002/14651858.CD007156.pub3,2007
CD007156_pub3,24,10.1002/14651858.CD007156.pub3,2022
CD007310_pub3,20,10.1002/14651858.CD007310.pub3,1982
CD007310_pub3,20,10.1002/14651858.CD007310.pub3,2020
CD007374_pub3,8,10.1002/14651858.CD007374.pub3,2002
CD007374_pub3,8,10.1002/14651858.CD007374.pub3,2022
CD007388_pub3,15,10.1002/14651858.CD007388.pub3,1994
CD007388_pub3,15,10.1002/14651858.CD007388.pub3,2020
CD007491_pub3,9,10.1002/14651858.CD007491.pub3,1999
CD007491_pub3,9,10.1002/14651858.CD007491.pub3,2021
CD007569_pub4,15,10.1002/14651858.CD007569.pub4,1983
CD007569_pub4,15,10.1002/14651858.CD007569.pub4,2021
CD007572_pub4,8,10.1002/14651858.CD007572.pub4,2008
CD007572_pub4,8,10.1002/14651858.CD007572.pub4,2023
CD007639_pub3,30,10.1002/14651858.CD007639.pub3,1988
CD007639_pub3,30,10.1002/14651858.CD007639.pub3,2019
CD007674_pub3,20,10.1002/14651858.CD007674.pub3,1996
CD007674_pub3,20,10.1002/14651858.CD007674.pub3,2022
CD007693_pub3,27,10.1002/14651858.CD007693.pub3,1982
CD007693_pub3,27,10.1002/14651858.CD007693.pub3,2017
CD007784_pub3,44,10.1002/14651858.CD007784.pub3,1991
CD007784_pub3,44,10.1002/14651858.CD007784.pub3,2015
CD007809_pub3,6,10.1002/14651858.CD007809.pub3,2004
CD007809_pub3,6,10.1002/14651858.CD007809.pub3,2022
CD007837_pub3,12,10.1002/14651858.CD007837.pub3,2005
CD007837_pub3,12,10.1002/14651858.CD007837.pub3,2022
CD007859_pub5,24,10.1002/14651858.CD007859.pub5,1990
CD007859_pub5,24,10.1002/14651858.CD007859.pub5,2021
CD007872_pub4,3,10.1002/14651858.CD007872.pub4,2018
CD007872_pub4,3,10.1002/14651858.CD007872.pub4,2024
CD007895_pub3,5,10.1002/14651858.CD007895.pub3,1986
CD007895_pub3,5,10.1002/14651858.CD007895.pub3,2019
CD007896_pub4,56,10.1002/14651858.CD007896.pub4,1985
CD007896_pub4,56,10.1002/14651858.CD007896.pub4,2022
CD008063_pub3,86,10.1002/14651858.CD008063.pub3,1993
CD008063_pub3,86,10.1002/14651858.CD008063.pub3,2022
CD008145_pub4,34,10.1002/14651858.CD008145.pub4,1996
CD008145_pub4,34,10.1002/14651858.CD008145.pub4,2021
CD008165_pub5,26,10.1002/14651858.CD008165.pub5,2003
CD008165_pub5,26,10.1002/14651858.CD008165.pub5,2021
CD008176_pub3,78,10.1002/14651858.CD008176.pub3,1990
CD008176_pub3,78,10.1002/14651858.CD008176.pub3,2022
CD008237_pub4,9,10.1002/14651858.CD008237.pub4,2003
CD008237_pub4,9,10.1002/14651858.CD008237.pub4,2014
CD008309_pub3,8,10.1002/14651858.CD008309.pub3,2013
CD008309_pub3,8,10.1002/14651858.CD008309.pub3,2022
CD008349_pub5,135,10.1002/14651858.CD008349.pub5,2004
CD008349_pub5,135,10.1002/14651858.CD008349.pub5,2024
CD008469_pub3,16,10.1002/14651858.CD008469.pub3,1986
CD008469_pub3,16,10.1002/14651858.CD008469.pub3,2021
CD008493_pub5,8,10.1002/14651858.CD008493.pub5,2008
CD008493_pub5,8,10.1002/14651858.CD008493.pub5,2023
CD008552_pub8,42,10.1002/14651858.CD008552.pub8,2008
CD008552_pub8,42,10.1002/14651858.CD008552.pub8,2023
CD008564_pub3,6,10.1002/14651858.CD008564.pub3,1994
CD008564_pub3,6,10.1002/14651858.CD008564.pub3,2015
CD008628_pub3,11,10.1002/14651858.CD008628.pub3,1993
CD008628_pub3,11,10.1002/14651858.CD008628.pub3,2022
CD008688_pub3,3,10.1002/14651858.CD008688.pub3,1999
CD008688_pub3,3,10.1002/14651858.CD008688.pub3,2021
CD008709_pub4,55,10.1002/14651858.CD008709.pub4,2009
CD008709_pub4,55,10.1002/14651858.CD008709.pub4,2022
CD008771_pub3,9,10.1002/14651858.CD008771.pub3,1989
CD008771_pub3,9,10.1002/14651858.CD008771.pub3,2014
CD008858_pub5,8,10.1002/14651858.CD008858.pub5,2005
CD008858_pub5,8,10.1002/14651858.CD008858.pub5,2016
CD008873_pub5,9,10.1002/14651858.CD008873.pub5,2008
CD008873_pub5,9,10.1002/14651858.CD008873.pub5,2015
CD008879_pub3,15,10.1002/14651858.CD008879.pub3,1982
CD008879_pub3,15,10.1002/14651858.CD008879.pub3,2023
CD008940_pub4,36,10.1002/14651858.CD008940.pub4,2004
CD008940_pub4,36,10.1002/14651858.CD008940.pub4,2024
CD008973_pub3,14,10.1002/14651858.CD008973.pub3,1996
CD008973_pub3,14,10.1002/14651858.CD008973.pub3,2018
CD008995_pub3,2,10.1002/14651858.CD008995.pub3,2006
CD008995_pub3,2,10.1002/14651858.CD008995.pub3,2021
CD009022_pub4,11,10.1002/14651858.CD009022.pub4,2012
CD009022_pub4,11,10.1002/14651858.CD009022.pub4,2023
CD009102_pub2,5,10.1002/14651858.CD009102.pub2,2005
CD009102_pub2,5,10.1002/14651858.CD009102.pub2,2021
CD009235_pub4,61,10.1002/14651858.CD009235.pub4,1989
CD009235_pub4,61,10.1002/14651858.CD009235.pub4,2024
CD009244_pub3,5,10.1002/14651858.CD009244.pub3,2010
CD009244_pub3,5,10.1002/14651858.CD009244.pub3,2025
CD009252_pub2,31,10.1002/14651858.CD009252.pub2,1983
CD009252_pub2,31,10.1002/14651858.CD009252.pub2,2022
CD009298_pub3,6,10.1002/14651858.CD009298.pub3,2014
CD009298_pub3,6,10.1002/14651858.CD009298.pub3,2022
CD009362_pub4,49,10.1002/14651858.CD009362.pub4,1974
CD009362_pub4,49,10.1002/14651858.CD009362.pub4,2022
CD009417_pub3,7,10.1002/14651858.CD009417.pub3,1997
CD009417_pub3,7,10.1002/14651858.CD009417.pub3,2019
CD009508_pub2,50,10.1002/14651858.CD009508.pub2,1987
CD009508_pub2,50,10.1002/14651858.CD009508.pub2,2024
CD009531_pub3,8,10.1002/14651858.CD009531.pub3,2006
CD009531_pub3,8,10.1002/14651858.CD009531.pub3,2018
CD009535_pub3,22,10.1002/14651858.CD009535.pub3,2002
CD009535_pub3,22,10.1002/14651858.CD009535.pub3,2021
CD009609_pub3,11,10.1002/14651858.CD009609.pub3,2012
CD009609_pub3,11,10.1002/14651858.CD009609.pub3,2022
CD009679_pub3,15,10.1002/14651858.CD009679.pub3,1989
CD009679_pub3,15,10.1002/14651858.CD009679.pub3,2022
CD009730_pub3,28,10.1002/14651858.CD009730.pub3,1981
CD009730_pub3,28,10.1002/14651858.CD009730.pub3,2021
CD009749_pub3,28,10.1002/14651858.CD009749.pub3,2006
CD009749_pub3,28,10.1002/14651858.CD009749.pub3,2023
CD009752_pub3,14,10.1002/14651858.CD009752.pub3,1990
CD009752_pub3,14,10.1002/14651858.CD009752.pub3,2017
CD009788_pub3,10,10.1002/14651858.CD009788.pub3,2008
CD009788_pub3,10,10.1002/14651858.CD009788.pub3,2021
CD009945_pub3,3,10.1002/14651858.CD009945.pub3,1994
CD009945_pub3,3,10.1002/14651858.CD009945.pub3,2021
CD010001_pub4,45,10.1002/14651858.CD010001.pub4,1993
CD010001_pub4,45,10.1002/14651858.CD010001.pub4,2023
CD010136_pub4,3,10.1002/14651858.CD010136.pub4,1996
CD010136_pub4,3,10.1002/14651858.CD010136.pub4,2019
CD010145_pub2,27,10.1002/14651858.CD010145.pub2,1992
CD010145_pub2,27,10.1002/14651858.CD010145.pub2,2023
CD010163_pub3,2,10.1002/14651858.CD010163.pub3,2012
CD010163_pub3,2,10.1002/14651858.CD010163.pub3,2022
CD010189_pub3,9,10.1002/14651858.CD010189.pub3,1999
CD010189_pub3,9,10.1002/14651858.CD010189.pub3,2012
CD010216_pub9,51,10.1002/14651858.CD010216.pub9,2013
CD010216_pub9,51,10.1002/14651858.CD010216.pub9,2024
CD010290_pub4,15,10.1002/14651858.CD010290.pub4,1985
CD010290_pub4,15,10.1002/14651858.CD010290.pub4,2018
CD010333_pub4,1,10.1002/14651858.CD010333.pub4,2009
CD010333_pub4,1,10.1002/14651858.CD010333.pub4,2009
CD010441_pub3,5,10.1002/14651858.CD010441.pub3,1965
CD010441_pub3,5,10.1002/14651858.CD010441.pub3,2020
CD010533_pub3,10,10.1002/14651858.CD010533.pub3,2007
CD010533_pub3,10,10.1002/14651858.CD010533.pub3,2007
CD010583_pub6,10,10.1002/14651858.CD010583.pub6,2014
CD010583_pub6,10,10.1002/14651858.CD010583.pub6,2024
CD010779_pub2,5,10.1002/14651858.CD010779.pub2,2005
CD010779_pub2,5,10.1002/14651858.CD010779.pub2,2019
CD010856_pub3,17,10.1002/14651858.CD010856.pub3,1951
CD010856_pub3,17,10.1002/14651858.CD010856.pub3,2022
CD010861_pub3,31,10.1002/14651858.CD010861.pub3,1972
CD010861_pub3,31,10.1002/14651858.CD010861.pub3,2024
CD010966_pub4,32,10.1002/14651858.CD010966.pub4,1998
CD010966_pub4,32,10.1002/14651858.CD010966.pub4,2022
CD011039_pub2,2,10.1002/14651858.CD011039.pub2,2000
CD011039_pub2,2,10.1002/14651858.CD011039.pub2,2002
CD011044_pub3,53,10.1002/14651858.CD011044.pub3,1974
CD011044_pub3,53,10.1002/14651858.CD011044.pub3,2023
CD011060_pub2,1,10.1002/14651858.CD011060.pub2,2020
CD011060_pub2,1,10.1002/14651858.CD011060.pub2,2020
CD011120_pub3,16,10.1002/14651858.CD011120.pub3,2000
CD011120_pub3,16,10.1002/14651858.CD011120.pub3,2022
CD011192_pub4,1,10.1002/14651858.CD011192.pub4,2019
CD011192_pub4,1,10.1002/14651858.CD011192.pub4,2019
CD011197_pub3,20,10.1002/14651858.CD011197.pub3,2006
CD011197_pub3,20,10.1002/14651858.CD011197.pub3,2023
CD011204_pub3,18,10.1002/14651858.CD011204.pub3,1999
CD011204_pub3,18,10.1002/14651858.CD011204.pub3,2016
CD011218_pub2,8,10.1002/14651858.CD011218.pub2,1992
CD011218_pub2,8,10.1002/14651858.CD011218.pub2,2022
CD011305_pub3,6,10.1002/14651858.CD011305.pub3,2008
CD011305_pub3,6,10.1002/14651858.CD011305.pub3,2023
CD011330_pub2,11,10.1002/14651858.CD011330.pub2,1984
CD011330_pub2,11,10.1002/14651858.CD011330.pub2,2009
CD011381_pub3,50,10.1002/14651858.CD011381.pub3,1987
CD011381_pub3,50,10.1002/14651858.CD011381.pub3,2021
CD011468_pub2,2,10.1002/14651858.CD011468.pub2,2013
CD011468_pub2,2,10.1002/14651858.CD011468.pub2,2017
CD011535_pub7,149,10.1002/14651858.CD011535.pub7,1963
CD011535_pub7,149,10.1002/14651858.CD011535.pub7,2024
CD011575_pub3,4,10.1002/14651858.CD011575.pub3,2008
CD011575_pub3,4,10.1002/14651858.CD011575.pub3,2021
CD011600_pub3,5,10.1002/14651858.CD011600.pub3,2018
CD011600_pub3,5,10.1002/14651858.CD011600.pub3,2020
CD011624_pub3,4,10.1002/14651858.CD011624.pub3,1998
CD011624_pub3,4,10.1002/14651858.CD011624.pub3,2022
CD011626_pub3,6,10.1002/14651858.CD011626.pub3,2013
CD011626_pub3,6,10.1002/14651858.CD011626.pub3,2022
CD011627_pub3,14,10.1002/14651858.CD011627.pub3,1987
CD011627_pub3,14,10.1002/14651858.CD011627.pub3,2020
CD011670_pub3,8,10.1002/14651858.CD011670.pub3,2004
CD011670_pub3,8,10.1002/14651858.CD011670.pub3,2021
CD011671_pub3,16,10.1002/14651858.CD011671.pub3,1985
CD011671_pub3,16,10.1002/14651858.CD011671.pub3,2023
CD011689_pub4,120,10.1002/14651858.CD011689.pub4,1976
CD011689_pub4,120,10.1002/14651858.CD011689.pub4,2023
CD011762_pub2,48,10.1002/14651858.CD011762.pub2,2005
CD011762_pub2,48,10.1002/14651858.CD011762.pub2,2023
CD011778_pub2,44,10.1002/14651858.CD011778.pub2,2008
CD011778_pub2,44,10.1002/14651858.CD011778.pub2,2023
CD011793_pub3,14,10.1002/14651858.CD011793.pub3,1999
CD011793_pub3,14,10.1002/14651858.CD011793.pub3,2021
CD011800_pub2,3,10.1002/14651858.CD011800.pub2,2009
CD011800_pub2,3,10.1002/14651858.CD011800.pub2,2016
CD011806_pub2,19,10.1002/14651858.CD011806.pub2,1995
CD011806_pub2,19,10.1002/14651858.CD011806.pub2,2021
CD011841_pub3,36,10.1002/14651858.CD011841.pub3,1983
CD011841_pub3,36,10.1002/14651858.CD011841.pub3,2024
CD011851_pub3,11,10.1002/14651858.CD011851.pub3,2015
CD011851_pub3,11,10.1002/14651858.CD011851.pub3,2022
CD011858_pub2,25,10.1002/14651858.CD011858.pub2,1987
CD011858_pub2,25,10.1002/14651858.CD011858.pub2,2022
CD011866_pub3,64,10.1002/14651858.CD011866.pub3,1991
CD011866_pub3,64,10.1002/14651858.CD011866.pub3,2022
CD011885_pub2,8,10.1002/14651858.CD011885.pub2,1993
CD011885_pub2,8,10.1002/14651858.CD011885.pub2,2022
CD012067_pub3,50,10.1002/14651858.CD012067.pub3,1996
CD012067_pub3,50,10.1002/14651858.CD012067.pub3,2022
CD012079_pub2,50,10.1002/14651858.CD012079.pub2,2001
CD012079_pub2,50,10.1002/14651858.CD012079.pub2,2020
CD012152_pub4,2,10.1002/14651858.CD012152.pub4,2016
CD012152_pub4,2,10.1002/14651858.CD012152.pub4,2021
CD012170_pub2,12,10.1002/14651858.CD012170.pub2,2010
CD012170_pub2,12,10.1002/14651858.CD012170.pub2,2024
CD012178_pub2,5,10.1002/14651858.CD012178.pub2,2011
CD012178_pub2,5,10.1002/14651858.CD012178.pub2,2013
CD012186_pub2,109,10.1002/14651858.CD012186.pub2,1987
CD012186_pub2,109,10.1002/14651858.CD012186.pub2,2022
CD012214_pub3,7,10.1002/14651858.CD012214.pub3,2014
CD012214_pub3,7,10.1002/14651858.CD012214.pub3,2021
CD012265_pub2,1,10.1002/14651858.CD012265.pub2,2022
CD012265_pub2,1,10.1002/14651858.CD012265.pub2,2022
CD012268_pub2,18,10.1002/14651858.CD012268.pub2,2004
CD012268_pub2,18,10.1002/14651858.CD012268.pub2,2020
CD012335_pub2,2,10.1002/14651858.CD012335.pub2,2023
CD012335_pub2,2,10.1002/14651858.CD012335.pub2,2024
CD012397_pub2,4,10.1002/14651858.CD012397.pub2,2008
CD012397_pub2,4,10.1002/14651858.CD012397.pub2,2016
CD012426_pub2,4,10.1002/14651858.CD012426.pub2,2007
CD012426_pub2,4,10.1002/14651858.CD012426.pub2,2014
CD012429_pub2,2,10.1002/14651858.CD012429.pub2,2015
CD012429_pub2,2,10.1002/14651858.CD012429.pub2,2015
CD012445_pub2,10,10.1002/14651858.CD012445.pub2,2001
CD012445_pub2,10,10.1002/14651858.CD012445.pub2,2021
CD012503_pub3,21,10.1002/14651858.CD012503.pub3,2012
CD012503_pub3,21,10.1002/14651858.CD012503.pub3,2025
CD012532_pub2,6,10.1002/14651858.CD012532.pub2,2019
CD012532_pub2,6,10.1002/14651858.CD012532.pub2,2022
CD012570_pub2,11,10.1002/14651858.CD012570.pub2,2003
CD012570_pub2,11,10.1002/14651858.CD012570.pub2,2013
CD012572_pub3,5,10.1002/14651858.CD012572.pub3,1977
CD012572_pub3,5,10.1002/14651858.CD012572.pub3,2015
CD012586_pub2,169,10.1002/14651858.CD012586.pub2,1987
CD012586_pub2,169,10.1002/14651858.CD012586.pub2,2024
CD012594_pub2,2,10.1002/14651858.CD012594.pub2,2009
CD012594_pub2,2,10.1002/14651858.CD012594.pub2,2011
CD012609_pub2,8,10.1002/14651858.CD012609.pub2,1999
CD012609_pub2,8,10.1002/14651858.CD012609.pub2,2022
CD012623_pub2,8,10.1002/14651858.CD012623.pub2,2008
CD012623_pub2,8,10.1002/14651858.CD012623.pub2,2020
CD012635_pub2,16,10.1002/14651858.CD012635.pub2,2006
CD012635_pub2,16,10.1002/14651858.CD012635.pub2,2023
CD012642_pub2,8,10.1002/14651858.CD012642.pub2,1962
CD012642_pub2,8,10.1002/14651858.CD012642.pub2,2016
CD012693_pub3,26,10.1002/14651858.CD012693.pub3,2001
CD012693_pub3,26,10.1002/14651858.CD012693.pub3,2022
CD012712_pub2,31,10.1002/14651858.CD012712.pub2,2011
CD012712_pub2,31,10.1002/14651858.CD012712.pub2,2023
CD012718_pub2,24,10.1002/14651858.CD012718.pub2,2005
CD012718_pub2,24,10.1002/14651858.CD012718.pub2,2023
CD012757_pub2,3,10.1002/14651858.CD012757.pub2,2012
CD012757_pub2,3,10.1002/14651858.CD012757.pub2,2017
CD012850_pub2,35,10.1002/14651858.CD012850.pub2,1995
CD012850_pub2,35,10.1002/14651858.CD012850.pub2,2022
CD012886_pub3,8,10.1002/14651858.CD012886.pub3,2000
CD012886_pub3,8,10.1002/14651858.CD012886.pub3,2023
CD012891_pub2,20,10.1002/14651858.CD012891.pub2,1987
CD012891_pub2,20,10.1002/14651858.CD012891.pub2,2022
CD012905_pub2,20,10.1002/14651858.CD012905.pub2,2001
CD012905_pub2,20,10.1002/14651858.CD012905.pub2,2011
CD012925_pub2,18,10.1002/14651858.CD012925.pub2,2000
CD012925_pub2,18,10.1002/14651858.CD012925.pub2,2022
CD012942_pub2,37,10.1002/14651858.CD012942.pub2,1992
CD012942_pub2,37,10.1002/14651858.CD012942.pub2,2017
CD012967_pub2,3,10.1002/14651858.CD012967.pub2,1999
CD012967_pub2,3,10.1002/14651858.CD012967.pub2,2011
CD012993_pub2,6,10.1002/14651858.CD012993.pub2,2010
CD012993_pub2,6,10.1002/14651858.CD012993.pub2,2021
CD012997_pub3,4,10.1002/14651858.CD012997.pub3,1992
CD012997_pub3,4,10.1002/14651858.CD012997.pub3,2010
CD013023_pub2,5,10.1002/14651858.CD013023.pub2,2014
CD013023_pub2,5,10.1002/14651858.CD013023.pub2,2021
CD013038_pub3,7,10.1002/14651858.CD013038.pub3,2011
CD013038_pub3,7,10.1002/14651858.CD013038.pub3,2023
CD013042_pub2,23,10.1002/14651858.CD013042.pub2,2002
CD013042_pub2,23,10.1002/14651858.CD013042.pub2,2023
CD013051_pub3,13,10.1002/14651858.CD013051.pub3,1990
CD013051_pub3,13,10.1002/14651858.CD013051.pub3,2016
CD013052_pub3,16,10.1002/14651858.CD013052.pub3,1977
CD013052_pub3,16,10.1002/14651858.CD013052.pub3,2020
CD013053_pub3,6,10.1002/14651858.CD013053.pub3,1990
CD013053_pub3,6,10.1002/14651858.CD013053.pub3,2003
CD013054_pub3,16,10.1002/14651858.CD013054.pub3,1983
CD013054_pub3,16,10.1002/14651858.CD013054.pub3,2015
CD013055_pub3,3,10.1002/14651858.CD013055.pub3,2006
CD013055_pub3,3,10.1002/14651858.CD013055.pub3,2012
CD013056_pub3,10,10.1002/14651858.CD013056.pub3,2003
CD013056_pub3,10,10.1002/14651858.CD013056.pub3,2021
CD013057_pub3,2,10.1002/14651858.CD013057.pub3,1996
CD013057_pub3,2,10.1002/14651858.CD013057.pub3,1998
CD013059_pub2,18,10.1002/14651858.CD013059.pub2,1976
CD013059_pub2,18,10.1002/14651858.CD013059.pub2,2020
CD013071_pub2,28,10.1002/14651858.CD013071.pub2,1979
CD013071_pub2,28,10.1002/14651858.CD013071.pub2,2018
CD013078_pub2,6,10.1002/14651858.CD013078.pub2,1989
CD013078_pub2,6,10.1002/14651858.CD013078.pub2,2022
CD013105_pub2,29,10.1002/14651858.CD013105.pub2,2010
CD013105_pub2,29,10.1002/14651858.CD013105.pub2,2023
CD013111_pub2,5,10.1002/14651858.CD013111.pub2,2014
CD013111_pub2,5,10.1002/14651858.CD013111.pub2,2023
CD013158_pub2,3,10.1002/14651858.CD013158.pub2,2000
CD013158_pub2,3,10.1002/14651858.CD013158.pub2,2020
CD013166_pub3,21,10.1002/14651858.CD013166.pub3,2012
CD013166_pub3,21,10.1002/14651858.CD013166.pub3,2023
CD013197_pub2,40,10.1002/14651858.CD013197.pub2,2014
CD013197_pub2,40,10.1002/14651858.CD013197.pub2,2023
CD013232_pub2,128,10.1002/14651858.CD013232.pub2,1987
CD013232_pub2,128,10.1002/14651858.CD013232.pub2,2022
CD013255_pub2,45,10.1002/14651858.CD013255.pub2,1990
CD013255_pub2,45,10.1002/14651858.CD013255.pub2,2022
CD013278_pub3,18,10.1002/14651858.CD013278.pub3,1981
CD013278_pub3,18,10.1002/14651858.CD013278.pub3,2024
CD013284_pub2,8,10.1002/14651858.CD013284.pub2,2012
CD013284_pub2,8,10.1002/14651858.CD013284.pub2,2022
CD013294_pub2,13,10.1002/14651858.CD013294.pub2,2001
CD013294_pub2,13,10.1002/14651858.CD013294.pub2,2023
CD013295_pub2,99,10.1002/14651858.CD013295.pub2,1992
CD013295_pub2,99,10.1002/14651858.CD013295.pub2,2023
CD013303_pub2,29,10.1002/14651858.CD013303.pub2,2005
CD013303_pub2,29,10.1002/14651858.CD013303.pub2,2020
CD013329_pub2,2,10.1002/14651858.CD013329.pub2,2015
CD013329_pub2,2,10.1002/14651858.CD013329.pub2,2017
CD013331_pub2,18,10.1002/14651858.CD013331.pub2,1987
CD013331_pub2,18,10.1002/14651858.CD013331.pub2,2019
CD013332_pub2,31,10.1002/14651858.CD013332.pub2,1996
CD013332_pub2,31,10.1002/14651858.CD013332.pub2,2018
CD013342_pub2,24,10.1002/14651858.CD013342.pub2,2015
CD013342_pub2,24,10.1002/14651858.CD013342.pub2,2023
CD013344_pub2,11,10.1002/14651858.CD013344.pub2,2005
CD013344_pub2,11,10.1002/14651858.CD013344.pub2,2019
CD013353_pub2,7,10.1002/14651858.CD013353.pub2,2004
CD013353_pub2,7,10.1002/14651858.CD013353.pub2,2022
CD013355_pub2,4,10.1002/14651858.CD013355.pub2,1999
CD013355_pub2,4,10.1002/14651858.CD013355.pub2,2013
CD013358_pub2,58,10.1002/14651858.CD013358.pub2,1980
CD013358_pub2,58,10.1002/14651858.CD013358.pub2,2021
CD013366_pub2,12,10.1002/14651858.CD013366.pub2,1997
CD013366_pub2,12,10.1002/14651858.CD013366.pub2,2020
CD013377_pub2,10,10.1002/14651858.CD013377.pub2,2004
CD013377_pub2,10,10.1002/14651858.CD013377.pub2,2023
CD013396_pub2,18,10.1002/14651858.CD013396.pub2,2012
CD013396_pub2,18,10.1002/14651858.CD013396.pub2,2022
CD013408_pub2,6,10.1002/14651858.CD013408.pub2,2012
CD013408_pub2,6,10.1002/14651858.CD013408.pub2,2022
CD013414_pub2,10,10.1002/14651858.CD013414.pub2,1991
CD013414_pub2,10,10.1002/14651858.CD013414.pub2,2022
CD013421_pub2,21,10.1002/14651858.CD013421.pub2,1995
CD013421_pub2,21,10.1002/14651858.CD013421.pub2,2019
CD013425_pub2,57,10.1002/14651858.CD013425.pub2,1996
CD013425_pub2,57,10.1002/14651858.CD013425.pub2,2022
CD013429_pub2,9,10.1002/14651858.CD013429.pub2,2016
CD013429_pub2,9,10.1002/14651858.CD013429.pub2,2023
CD013445_pub2,42,10.1002/14651858.CD013445.pub2,2010
CD013445_pub2,42,10.1002/14651858.CD013445.pub2,2022
CD013456_pub2,31,10.1002/14651858.CD013456.pub2,1991
CD013456_pub2,31,10.1002/14651858.CD013456.pub2,2021
CD013462_pub3,14,10.1002/14651858.CD013462.pub3,1996
CD013462_pub3,14,10.1002/14651858.CD013462.pub3,2023
CD013468_pub2,24,10.1002/14651858.CD013468.pub2,2000
CD013468_pub2,24,10.1002/14651858.CD013468.pub2,2020
CD013474_pub2,10,10.1002/14651858.CD013474.pub2,2009
CD013474_pub2,10,10.1002/14651858.CD013474.pub2,2019
CD013476_pub2,5,10.1002/14651858.CD013476.pub2,2013
CD013476_pub2,5,10.1002/14651858.CD013476.pub2,2021
CD013508_pub3,21,10.1002/14651858.CD013508.pub3,2009
CD013508_pub3,21,10.1002/14651858.CD013508.pub3,2021
CD013539_pub2,55,10.1002/14651858.CD013539.pub2,2012
CD013539_pub2,55,10.1002/14651858.CD013539.pub2,2024
CD013541_pub2,25,10.1002/14651858.CD013541.pub2,1992
CD013541_pub2,25,10.1002/14651858.CD013541.pub2,2021
CD013561_pub2,8,10.1002/14651858.CD013561.pub2,2001
CD013561_pub2,8,10.1002/14651858.CD013561.pub2,2017
CD013571_pub2,12,10.1002/14651858.CD013571.pub2,1980
CD013571_pub2,12,10.1002/14651858.CD013571.pub2,2018
CD013590_pub2,22,10.1002/14651858.CD013590.pub2,1970
CD013590_pub2,22,10.1002/14651858.CD013590.pub2,2021
CD013591_pub2,13,10.1002/14651858.CD013591.pub2,2013
CD013591_pub2,13,10.1002/14651858.CD013591.pub2,2023
CD013595_pub2,3,10.1002/14651858.CD013595.pub2,Inf
CD013595_pub2,3,10.1002/14651858.CD013595.pub2,-Inf
CD013613_pub2,8,10.1002/14651858.CD013613.pub2,2002
CD013613_pub2,8,10.1002/14651858.CD013613.pub2,2022
CD013614_pub2,24,10.1002/14651858.CD013614.pub2,2000
CD013614_pub2,24,10.1002/14651858.CD013614.pub2,2023
CD013631_pub2,29,10.1002/14651858.CD013631.pub2,1992
CD013631_pub2,29,10.1002/14651858.CD013631.pub2,2021
CD013643_pub2,9,10.1002/14651858.CD013643.pub2,2018
CD013643_pub2,9,10.1002/14651858.CD013643.pub2,2024
CD013672_pub2,7,10.1002/14651858.CD013672.pub2,1998
CD013672_pub2,7,10.1002/14651858.CD013672.pub2,2024
CD013707_pub2,9,10.1002/14651858.CD013707.pub2,2003
CD013707_pub2,9,10.1002/14651858.CD013707.pub2,2021
CD013715_pub2,9,10.1002/14651858.CD013715.pub2,2000
CD013715_pub2,9,10.1002/14651858.CD013715.pub2,2022
CD013719_pub2,23,10.1002/14651858.CD013719.pub2,1986
CD013719_pub2,23,10.1002/14651858.CD013719.pub2,2022
CD013726_pub2,13,10.1002/14651858.CD013726.pub2,1993
CD013726_pub2,13,10.1002/14651858.CD013726.pub2,2020
CD013729_pub2,5,10.1002/14651858.CD013729.pub2,2003
CD013729_pub2,5,10.1002/14651858.CD013729.pub2,2021
CD013731_pub2,6,10.1002/14651858.CD013731.pub2,2002
CD013731_pub2,6,10.1002/14651858.CD013731.pub2,2019
CD013745_pub2,4,10.1002/14651858.CD013745.pub2,2020
CD013745_pub2,4,10.1002/14651858.CD013745.pub2,2022
CD013748_pub2,8,10.1002/14651858.CD013748.pub2,1993
CD013748_pub2,8,10.1002/14651858.CD013748.pub2,2014
CD013757_pub3,6,10.1002/14651858.CD013757.pub3,1998
CD013757_pub3,6,10.1002/14651858.CD013757.pub3,2023
CD013758_pub2,11,10.1002/14651858.CD013758.pub2,1986
CD013758_pub2,11,10.1002/14651858.CD013758.pub2,2020
CD013763_pub3,64,10.1002/14651858.CD013763.pub3,2018
CD013763_pub3,64,10.1002/14651858.CD013763.pub3,2021
CD013764_pub2,6,10.1002/14651858.CD013764.pub2,2014
CD013764_pub2,6,10.1002/14651858.CD013764.pub2,2023
CD013773_pub2,5,10.1002/14651858.CD013773.pub2,2011
CD013773_pub2,5,10.1002/14651858.CD013773.pub2,2022
CD013774_pub2,5,10.1002/14651858.CD013774.pub2,2017
CD013774_pub2,5,10.1002/14651858.CD013774.pub2,2021
CD013781_pub2,29,10.1002/14651858.CD013781.pub2,2002
CD013781_pub2,29,10.1002/14651858.CD013781.pub2,2020
CD013789_pub2,8,10.1002/14651858.CD013789.pub2,2000
CD013789_pub2,8,10.1002/14651858.CD013789.pub2,2020
CD013800_pub2,55,10.1002/14651858.CD013800.pub2,2000
CD013800_pub2,55,10.1002/14651858.CD013800.pub2,2023
CD013801_pub2,11,10.1002/14651858.CD013801.pub2,1997
CD013801_pub2,11,10.1002/14651858.CD013801.pub2,2025
CD013810_pub2,3,10.1002/14651858.CD013810.pub2,2017
CD013810_pub2,3,10.1002/14651858.CD013810.pub2,2018
CD013816_pub2,9,10.1002/14651858.CD013816.pub2,2009
CD013816_pub2,9,10.1002/14651858.CD013816.pub2,2019
CD013821_pub2,35,10.1002/14651858.CD013821.pub2,1994
CD013821_pub2,35,10.1002/14651858.CD013821.pub2,2021
CD013822_pub2,14,10.1002/14651858.CD013822.pub2,2002
CD013822_pub2,14,10.1002/14651858.CD013822.pub2,2021
CD013823_pub2,4,10.1002/14651858.CD013823.pub2,1965
CD013823_pub2,4,10.1002/14651858.CD013823.pub2,2016
CD013827_pub2,13,10.1002/14651858.CD013827.pub2,2017
CD013827_pub2,13,10.1002/14651858.CD013827.pub2,2021
CD013830_pub2,18,10.1002/14651858.CD013830.pub2,1981
CD013830_pub2,18,10.1002/14651858.CD013830.pub2,2016
CD013834_pub2,21,10.1002/14651858.CD013834.pub2,2012
CD013834_pub2,21,10.1002/14651858.CD013834.pub2,2022
CD013835_pub2,3,10.1002/14651858.CD013835.pub2,2007
CD013835_pub2,3,10.1002/14651858.CD013835.pub2,2018
CD013844_pub2,33,10.1002/14651858.CD013844.pub2,1992
CD013844_pub2,33,10.1002/14651858.CD013844.pub2,2021
CD013853_pub2,11,10.1002/14651858.CD013853.pub2,2014
CD013853_pub2,11,10.1002/14651858.CD013853.pub2,2023
CD013857_pub2,1,10.1002/14651858.CD013857.pub2,2002
CD013857_pub2,1,10.1002/14651858.CD013857.pub2,2002
CD013874_pub3,24,10.1002/14651858.CD013874.pub3,2008
CD013874_pub3,24,10.1002/14651858.CD013874.pub3,2023
CD013875_pub2,12,10.1002/14651858.CD013875.pub2,2017
CD013875_pub2,12,10.1002/14651858.CD013875.pub2,2022
CD014040_pub2,13,10.1002/14651858.CD014040.pub2,2004
CD014040_pub2,13,10.1002/14651858.CD014040.pub2,2023
CD014089,9,10.1002/14651858.CD014089,2005
CD014089,9,10.1002/14651858.CD014089,2018
CD014145_pub2,7,10.1002/14651858.CD014145.pub2,1985
CD014145_pub2,7,10.1002/14651858.CD014145.pub2,2000
CD014160_pub2,2,10.1002/14651858.CD014160.pub2,2011
CD014160_pub2,2,10.1002/14651858.CD014160.pub2,2015
CD014300_pub2,13,10.1002/14651858.CD014300.pub2,2001
CD014300_pub2,13,10.1002/14651858.CD014300.pub2,2023
CD014428_pub2,13,10.1002/14651858.CD014428.pub2,2014
CD014428_pub2,13,10.1002/14651858.CD014428.pub2,2024
CD014497_pub2,1,10.1002/14651858.CD014497.pub2,2022
CD014497_pub2,1,10.1002/14651858.CD014497.pub2,2022
CD014541_pub2,7,10.1002/14651858.CD014541.pub2,2007
CD014541_pub2,7,10.1002/14651858.CD014541.pub2,2022
CD014544_pub2,6,10.1002/14651858.CD014544.pub2,Inf
CD014544_pub2,6,10.1002/14651858.CD014544.pub2,-Inf
CD014573,5,10.1002/14651858.CD014573,1994
CD014573,5,10.1002/14651858.CD014573,2016
CD014574_pub2,2,10.1002/14651858.CD014574.pub2,2022
CD014574_pub2,2,10.1002/14651858.CD014574.pub2,2022
CD014580_pub2,7,10.1002/14651858.CD014580.pub2,2007
CD014580_pub2,7,10.1002/14651858.CD014580.pub2,2021
CD014585_pub2,12,10.1002/14651858.CD014585.pub2,1996
CD014585_pub2,12,10.1002/14651858.CD014585.pub2,2014
CD014594_pub2,9,10.1002/14651858.CD014594.pub2,2004
CD014594_pub2,9,10.1002/14651858.CD014594.pub2,2022
CD014617_pub3,4,10.1002/14651858.CD014617.pub3,1975
CD014617_pub3,4,10.1002/14651858.CD014617.pub3,1998
CD014623_pub2,2,10.1002/14651858.CD014623.pub2,2021
CD014623_pub2,2,10.1002/14651858.CD014623.pub2,2021
CD014624_pub2,6,10.1002/14651858.CD014624.pub2,2017
CD014624_pub2,6,10.1002/14651858.CD014624.pub2,2023
CD014666_pub2,11,10.1002/14651858.CD014666.pub2,1992
CD014666_pub2,11,10.1002/14651858.CD014666.pub2,2019
CD014678_pub2,6,10.1002/14651858.CD014678.pub2,Inf
CD014678_pub2,6,10.1002/14651858.CD014678.pub2,-Inf
CD014687_pub2,6,10.1002/14651858.CD014687.pub2,2013
CD014687_pub2,6,10.1002/14651858.CD014687.pub2,2022
CD014688_pub2,6,10.1002/14651858.CD014688.pub2,2009
CD014688_pub2,6,10.1002/14651858.CD014688.pub2,2022
CD014713_pub2,10,10.1002/14651858.CD014713.pub2,1994
CD014713_pub2,10,10.1002/14651858.CD014713.pub2,2024
CD014722_pub2,97,10.1002/14651858.CD014722.pub2,1996
CD014722_pub2,97,10.1002/14651858.CD014722.pub2,2022
CD014736_pub2,6,10.1002/14651858.CD014736.pub2,1989
CD014736_pub2,6,10.1002/14651858.CD014736.pub2,2022
CD014741_pub2,57,10.1002/14651858.CD014741.pub2,1999
CD014741_pub2,57,10.1002/14651858.CD014741.pub2,2021
CD014755_pub2,2,10.1002/14651858.CD014755.pub2,2017
CD014755_pub2,2,10.1002/14651858.CD014755.pub2,2019
CD014758_pub3,77,10.1002/14651858.CD014758.pub3,1989
CD014758_pub3,77,10.1002/14651858.CD014758.pub3,2024
CD014762_pub2,6,10.1002/14651858.CD014762.pub2,2010
CD014762_pub2,6,10.1002/14651858.CD014762.pub2,2019
CD014763_pub2,9,10.1002/14651858.CD014763.pub2,2010
CD014763_pub2,9,10.1002/14651858.CD014763.pub2,2021
CD014769_pub2,27,10.1002/14651858.CD014769.pub2,1998
CD014769_pub2,27,10.1002/14651858.CD014769.pub2,2023
CD014785_pub2,4,10.1002/14651858.CD014785.pub2,1989
CD014785_pub2,4,10.1002/14651858.CD014785.pub2,2008
CD014792_pub2,8,10.1002/14651858.CD014792.pub2,2000
CD014792_pub2,8,10.1002/14651858.CD014792.pub2,2016
CD014802_pub2,2,10.1002/14651858.CD014802.pub2,2016
CD014802_pub2,2,10.1002/14651858.CD014802.pub2,2022
CD014803_pub2,5,10.1002/14651858.CD014803.pub2,2006
CD014803_pub2,5,10.1002/14651858.CD014803.pub2,2020
CD014811_pub2,7,10.1002/14651858.CD014811.pub2,2010
CD014811_pub2,7,10.1002/14651858.CD014811.pub2,2021
CD014820_pub2,20,10.1002/14651858.CD014820.pub2,1997
CD014820_pub2,20,10.1002/14651858.CD014820.pub2,2022
CD014833_pub2,10,10.1002/14651858.CD014833.pub2,1993
CD014833_pub2,10,10.1002/14651858.CD014833.pub2,2023
CD014844_pub2,6,10.1002/14651858.CD014844.pub2,1989
CD014844_pub2,6,10.1002/14651858.CD014844.pub2,2021
CD014845_pub2,17,10.1002/14651858.CD014845.pub2,2008
CD014845_pub2,17,10.1002/14651858.CD014845.pub2,2023
CD014852_pub2,36,10.1002/14651858.CD014852.pub2,1998
CD014852_pub2,36,10.1002/14651858.CD014852.pub2,2023
CD014855_pub2,8,10.1002/14651858.CD014855.pub2,1973
CD014855_pub2,8,10.1002/14651858.CD014855.pub2,2023
CD014861_pub2,5,10.1002/14651858.CD014861.pub2,2000
CD014861_pub2,5,10.1002/14651858.CD014861.pub2,2018
CD014869_pub2,10,10.1002/14651858.CD014869.pub2,1992
CD014869_pub2,10,10.1002/14651858.CD014869.pub2,2005
CD014871_pub2,7,10.1002/14651858.CD014871.pub2,2012
CD014871_pub2,7,10.1002/14651858.CD014871.pub2,2022
CD014872_pub2,35,10.1002/14651858.CD014872.pub2,2008
CD014872_pub2,35,10.1002/14651858.CD014872.pub2,2024
CD014889_pub2,6,10.1002/14651858.CD014889.pub2,2007
CD014889_pub2,6,10.1002/14651858.CD014889.pub2,2023
CD014891_pub2,5,10.1002/14651858.CD014891.pub2,2017
CD014891_pub2,5,10.1002/14651858.CD014891.pub2,2022
CD014914_pub2,28,10.1002/14651858.CD014914.pub2,1984
CD014914_pub2,28,10.1002/14651858.CD014914.pub2,2020
CD014920_pub2,2,10.1002/14651858.CD014920.pub2,2004
CD014920_pub2,2,10.1002/14651858.CD014920.pub2,2010
CD014923_pub2,3,10.1002/14651858.CD014923.pub2,2015
CD014923_pub2,3,10.1002/14651858.CD014923.pub2,2023
CD014932_pub2,17,10.1002/14651858.CD014932.pub2,1999
CD014932_pub2,17,10.1002/14651858.CD014932.pub2,2022
CD014935_pub2,4,10.1002/14651858.CD014935.pub2,1984
CD014935_pub2,4,10.1002/14651858.CD014935.pub2,2014
CD014937_pub2,60,10.1002/14651858.CD014937.pub2,1971
CD014937_pub2,60,10.1002/14651858.CD014937.pub2,2024
CD014941_pub2,2,10.1002/14651858.CD014941.pub2,2020
CD014941_pub2,2,10.1002/14651858.CD014941.pub2,2020
CD014944_pub2,4,10.1002/14651858.CD014944.pub2,1989
CD014944_pub2,4,10.1002/14651858.CD014944.pub2,2014
CD014959_pub2,5,10.1002/14651858.CD014959.pub2,1984
CD014959_pub2,5,10.1002/14651858.CD014959.pub2,2018
CD014960_pub2,6,10.1002/14651858.CD014960.pub2,1956
CD014960_pub2,6,10.1002/14651858.CD014960.pub2,2004
CD014964_pub2,64,10.1002/14651858.CD014964.pub2,2001
CD014964_pub2,64,10.1002/14651858.CD014964.pub2,2023
CD014965_pub2,17,10.1002/14651858.CD014965.pub2,1998
CD014965_pub2,17,10.1002/14651858.CD014965.pub2,2019
CD014966_pub2,35,10.1002/14651858.CD014966.pub2,1988
CD014966_pub2,35,10.1002/14651858.CD014966.pub2,2023
CD014967_pub2,18,10.1002/14651858.CD014967.pub2,1999
CD014967_pub2,18,10.1002/14651858.CD014967.pub2,2022
CD014999_pub2,2,10.1002/14651858.CD014999.pub2,2014
CD014999_pub2,2,10.1002/14651858.CD014999.pub2,2019
CD015003_pub2,12,10.1002/14651858.CD015003.pub2,1986
CD015003_pub2,12,10.1002/14651858.CD015003.pub2,2018
CD015014_pub2,31,10.1002/14651858.CD015014.pub2,1990
CD015014_pub2,31,10.1002/14651858.CD015014.pub2,2022
CD015033_pub2,15,10.1002/14651858.CD015033.pub2,2003
CD015033_pub2,15,10.1002/14651858.CD015033.pub2,2023
CD015038_pub2,13,10.1002/14651858.CD015038.pub2,1995
CD015038_pub2,13,10.1002/14651858.CD015038.pub2,2021
CD015040_pub2,6,10.1002/14651858.CD015040.pub2,2012
CD015040_pub2,6,10.1002/14651858.CD015040.pub2,2021
CD015042_pub2,7,10.1002/14651858.CD015042.pub2,1995
CD015042_pub2,7,10.1002/14651858.CD015042.pub2,2016
CD015046_pub2,4,10.1002/14651858.CD015046.pub2,2010
CD015046_pub2,4,10.1002/14651858.CD015046.pub2,2023
CD015060_pub2,12,10.1002/14651858.CD015060.pub2,1995
CD015060_pub2,12,10.1002/14651858.CD015060.pub2,2018
CD015064_pub2,11,10.1002/14651858.CD015064.pub2,2002
CD015064_pub2,11,10.1002/14651858.CD015064.pub2,2015
CD015066_pub2,3,10.1002/14651858.CD015066.pub2,2007
CD015066_pub2,3,10.1002/14651858.CD015066.pub2,2021
CD015083_pub2,55,10.1002/14651858.CD015083.pub2,1997
CD015083_pub2,55,10.1002/14651858.CD015083.pub2,2024
CD015084_pub2,7,10.1002/14651858.CD015084.pub2,2002
CD015084_pub2,7,10.1002/14651858.CD015084.pub2,2022
CD015087_pub2,26,10.1002/14651858.CD015087.pub2,1988
CD015087_pub2,26,10.1002/14651858.CD015087.pub2,2018
CD015101,5,10.1002/14651858.CD015101,2005
CD015101,5,10.1002/14651858.CD015101,2017
CD015112_pub3,1,10.1002/14651858.CD015112.pub3,2021
CD015112_pub3,1,10.1002/14651858.CD015112.pub3,2021
CD015120_pub2,46,10.1002/14651858.CD015120.pub2,2001
CD015120_pub2,46,10.1002/14651858.CD015120.pub2,2022
CD015122_pub2,11,10.1002/14651858.CD015122.pub2,2013
CD015122_pub2,11,10.1002/14651858.CD015122.pub2,2021
CD015123_pub2,5,10.1002/14651858.CD015123.pub2,Inf
CD015123_pub2,5,10.1002/14651858.CD015123.pub2,-Inf
CD015124_pub2,7,10.1002/14651858.CD015124.pub2,2006
CD015124_pub2,7,10.1002/14651858.CD015124.pub2,2019
CD015134_pub2,6,10.1002/14651858.CD015134.pub2,2019
CD015134_pub2,6,10.1002/14651858.CD015134.pub2,2023
CD015140_pub2,9,10.1002/14651858.CD015140.pub2,2013
CD015140_pub2,9,10.1002/14651858.CD015140.pub2,2024
CD015145_pub2,20,10.1002/14651858.CD015145.pub2,2011
CD015145_pub2,20,10.1002/14651858.CD015145.pub2,2023
CD015158_pub2,2,10.1002/14651858.CD015158.pub2,2011
CD015158_pub2,2,10.1002/14651858.CD015158.pub2,2020
CD015160_pub2,10,10.1002/14651858.CD015160.pub2,2008
CD015160_pub2,10,10.1002/14651858.CD015160.pub2,2018
CD015192_pub2,20,10.1002/14651858.CD015192.pub2,1978
CD015192_pub2,20,10.1002/14651858.CD015192.pub2,2022
CD015213_pub2,33,10.1002/14651858.CD015213.pub2,1999
CD015213_pub2,33,10.1002/14651858.CD015213.pub2,2022
CD015215_pub2,18,10.1002/14651858.CD015215.pub2,1983
CD015215_pub2,18,10.1002/14651858.CD015215.pub2,2021
CD015219_pub2,24,10.1002/14651858.CD015219.pub2,2020
CD015219_pub2,24,10.1002/14651858.CD015219.pub2,2023
CD015229_pub2,14,10.1002/14651858.CD015229.pub2,1993
CD015229_pub2,14,10.1002/14651858.CD015229.pub2,2021
CD015252_pub2,9,10.1002/14651858.CD015252.pub2,1982
CD015252_pub2,9,10.1002/14651858.CD015252.pub2,2019
CD015254_pub2,17,10.1002/14651858.CD015254.pub2,1984
CD015254_pub2,17,10.1002/14651858.CD015254.pub2,2013
CD015255_pub2,23,10.1002/14651858.CD015255.pub2,1980
CD015255_pub2,23,10.1002/14651858.CD015255.pub2,2022
CD015284_pub2,29,10.1002/14651858.CD015284.pub2,1992
CD015284_pub2,29,10.1002/14651858.CD015284.pub2,2023
CD015313_pub2,1,10.1002/14651858.CD015313.pub2,2021
CD015313_pub2,1,10.1002/14651858.CD015313.pub2,2021
CD015314_pub2,38,10.1002/14651858.CD015314.pub2,1995
CD015314_pub2,38,10.1002/14651858.CD015314.pub2,2024
CD015326_pub2,56,10.1002/14651858.CD015326.pub2,1998
CD015326_pub2,56,10.1002/14651858.CD015326.pub2,2022
CD015328_pub2,149,10.1002/14651858.CD015328.pub2,1997
CD015328_pub2,149,10.1002/14651858.CD015328.pub2,2022
CD015330_pub2,54,10.1002/14651858.CD015330.pub2,2003
CD015330_pub2,54,10.1002/14651858.CD015330.pub2,2022
CD015331_pub2,26,10.1002/14651858.CD015331.pub2,1999
CD015331_pub2,26,10.1002/14651858.CD015331.pub2,2022
CD015332_pub2,4,10.1002/14651858.CD015332.pub2,2014
CD015332_pub2,4,10.1002/14651858.CD015332.pub2,2020
CD015350_pub2,19,10.1002/14651858.CD015350.pub2,1995
CD015350_pub2,19,10.1002/14651858.CD015350.pub2,2021
CD015373_pub2,28,10.1002/14651858.CD015373.pub2,1980
CD015373_pub2,28,10.1002/14651858.CD015373.pub2,2022
CD015383_pub2,6,10.1002/14651858.CD015383.pub2,2011
CD015383_pub2,6,10.1002/14651858.CD015383.pub2,2022
CD015387_pub2,25,10.1002/14651858.CD015387.pub2,1989
CD015387_pub2,25,10.1002/14651858.CD015387.pub2,2024
CD015395_pub3,2,10.1002/14651858.CD015395.pub3,2021
CD015395_pub3,2,10.1002/14651858.CD015395.pub3,2023
CD015432_pub2,35,10.1002/14651858.CD015432.pub2,1992
CD015432_pub2,35,10.1002/14651858.CD015432.pub2,2022
CD015443_pub2,22,10.1002/14651858.CD015443.pub2,1989
CD015443_pub2,22,10.1002/14651858.CD015443.pub2,2020
CD015448_pub2,13,10.1002/14651858.CD015448.pub2,2014
CD015448_pub2,13,10.1002/14651858.CD015448.pub2,2022
CD015462_pub2,13,10.1002/14651858.CD015462.pub2,1985
CD015462_pub2,13,10.1002/14651858.CD015462.pub2,2021
CD015476_pub2,15,10.1002/14651858.CD015476.pub2,2017
CD015476_pub2,15,10.1002/14651858.CD015476.pub2,2023
CD015495,17,10.1002/14651858.CD015495,2017
CD015495,17,10.1002/14651858.CD015495,2022
CD015514_pub2,3,10.1002/14651858.CD015514.pub2,2017
CD015514_pub2,3,10.1002/14651858.CD015514.pub2,2020
CD015517,16,10.1002/14651858.CD015517,2004
CD015517,16,10.1002/14651858.CD015517,2021
CD015518,18,10.1002/14651858.CD015518,2003
CD015518,18,10.1002/14651858.CD015518,2022
CD015519_pub2,5,10.1002/14651858.CD015519.pub2,2007
CD015519_pub2,5,10.1002/14651858.CD015519.pub2,2023
CD015520,12,10.1002/14651858.CD015520,2007
CD015520,12,10.1002/14651858.CD015520,2021
CD015524_pub2,17,10.1002/14651858.CD015524.pub2,2012
CD015524_pub2,17,10.1002/14651858.CD015524.pub2,2024
CD015526_pub2,2,10.1002/14651858.CD015526.pub2,1973
CD015526_pub2,2,10.1002/14651858.CD015526.pub2,1995
CD015530_pub2,5,10.1002/14651858.CD015530.pub2,2016
CD015530_pub2,5,10.1002/14651858.CD015530.pub2,2022
CD015532,23,10.1002/14651858.CD015532,2020
CD015532,23,10.1002/14651858.CD015532,2022
CD015536_pub2,20,10.1002/14651858.CD015536.pub2,2001
CD015536_pub2,20,10.1002/14651858.CD015536.pub2,2022
CD015551_pub2,9,10.1002/14651858.CD015551.pub2,2013
CD015551_pub2,9,10.1002/14651858.CD015551.pub2,2024
CD015573,3,10.1002/14651858.CD015573,2020
CD015573,3,10.1002/14651858.CD015573,2022
CD015584_pub2,14,10.1002/14651858.CD015584.pub2,2007
CD015584_pub2,14,10.1002/14651858.CD015584.pub2,2022
CD015588_pub2,32,10.1002/14651858.CD015588.pub2,2013
CD015588_pub2,32,10.1002/14651858.CD015588.pub2,2023
CD015592_pub3,5,10.1002/14651858.CD015592.pub3,1983
CD015592_pub3,5,10.1002/14651858.CD015592.pub3,2022
CD015594_pub2,3,10.1002/14651858.CD015594.pub2,1993
CD015594_pub2,3,10.1002/14651858.CD015594.pub2,2003
CD015636_pub2,1,10.1002/14651858.CD015636.pub2,2021
CD015636_pub2,1,10.1002/14651858.CD015636.pub2,2021
CD015673_pub2,19,10.1002/14651858.CD015673.pub2,1992
CD015673_pub2,19,10.1002/14651858.CD015673.pub2,2014
CD015698_pub2,9,10.1002/14651858.CD015698.pub2,1999
CD015698_pub2,9,10.1002/14651858.CD015698.pub2,2025
CD015701_pub2,3,10.1002/14651858.CD015701.pub2,2017
CD015701_pub2,3,10.1002/14651858.CD015701.pub2,2024
CD015711_pub2,3,10.1002/14651858.CD015711.pub2,2008
CD015711_pub2,3,10.1002/14651858.CD015711.pub2,2021
CD015721_pub2,6,10.1002/14651858.CD015721.pub2,2020
CD015721_pub2,6,10.1002/14651858.CD015721.pub2,2022
CD015746_pub2,15,10.1002/14651858.CD015746.pub2,2001
CD015746_pub2,15,10.1002/14651858.CD015746.pub2,2024
CD015749_pub2,7,10.1002/14651858.CD015749.pub2,2004
CD015749_pub2,7,10.1002/14651858.CD015749.pub2,2017
CD015751_pub2,7,10.1002/14651858.CD015751.pub2,2003
CD015751_pub2,7,10.1002/14651858.CD015751.pub2,2021
CD015779,11,10.1002/14651858.CD015779,1950
CD015779,11,10.1002/14651858.CD015779,2022
CD015786_pub2,5,10.1002/14651858.CD015786.pub2,2008
CD015786_pub2,5,10.1002/14651858.CD015786.pub2,2022
CD015788_pub2,13,10.1002/14651858.CD015788.pub2,2009
CD015788_pub2,13,10.1002/14651858.CD015788.pub2,2023
CD015790_pub2,17,10.1002/14651858.CD015790.pub2,1999
CD015790_pub2,17,10.1002/14651858.CD015790.pub2,2022
CD015802_pub2,3,10.1002/14651858.CD015802.pub2,2014
CD015802_pub2,3,10.1002/14651858.CD015802.pub2,2023
CD015804_pub2,9,10.1002/14651858.CD015804.pub2,2021
CD015804_pub2,9,10.1002/14651858.CD015804.pub2,2023
CD015820_pub2,13,10.1002/14651858.CD015820.pub2,2006
CD015820_pub2,13,10.1002/14651858.CD015820.pub2,2023
CD015824_pub2,9,10.1002/14651858.CD015824.pub2,2005
CD015824_pub2,9,10.1002/14651858.CD015824.pub2,2024
CD015830_pub2,4,10.1002/14651858.CD015830.pub2,2016
CD015830_pub2,4,10.1002/14651858.CD015830.pub2,2023
CD015849_pub2,28,10.1002/14651858.CD015849.pub2,2013
CD015849_pub2,28,10.1002/14651858.CD015849.pub2,2024
CD015854,16,10.1002/14651858.CD015854,2002
CD015854,16,10.1002/14651858.CD015854,2002
CD015855,13,10.1002/14651858.CD015855,1980
CD015855,13,10.1002/14651858.CD015855,2002
CD015875,17,10.1002/14651858.CD015875,2012
CD015875,17,10.1002/14651858.CD015875,2024
CD015877,2,10.1002/14651858.CD015877,2019
CD015877,2,10.1002/14651858.CD015877,2019
CD015894_pub2,10,10.1002/14651858.CD015894.pub2,2011
CD015894_pub2,10,10.1002/14651858.CD015894.pub2,2023
CD015932_pub2,21,10.1002/14651858.CD015932.pub2,1990
CD015932_pub2,21,10.1002/14651858.CD015932.pub2,2023
CD015968,10,10.1002/14651858.CD015968,2008
CD015968,10,10.1002/14651858.CD015968,2023
CD016001,26,10.1002/14651858.CD016001,2001
CD016001,26,10.1002/14651858.CD016001,2022
CD016002,30,10.1002/14651858.CD016002,1993
CD016002,30,10.1002/14651858.CD016002,2023
CD016031,24,10.1002/14651858.CD016031,1981
CD016031,24,10.1002/14651858.CD016031,2024
CD016058_pub2,9,10.1002/14651858.CD016058.pub2,2021
CD016058_pub2,9,10.1002/14651858.CD016058.pub2,2024
CD016064,82,10.1002/14651858.CD016064,1990
CD016064,82,10.1002/14651858.CD016064,2024
CD016119,23,10.1002/14651858.CD016119,2004
CD016119,23,10.1002/14651858.CD016119,2023
CD016120,6,10.1002/14651858.CD016120,1998
CD016120,6,10.1002/14651858.CD016120,2022
CD016131,14,10.1002/14651858.CD016131,2016
CD016131,14,10.1002/14651858.CD016131,2023
CD016136,30,10.1002/14651858.CD016136,1997
CD016136,30,10.1002/14651858.CD016136,2022
CD016147,5,10.1002/14651858.CD016147,2006
CD016147,5,10.1002/14651858.CD016147,2017
CD016148,17,10.1002/14651858.CD016148,1998
CD016148,17,10.1002/14651858.CD016148,2024
CD016168,7,10.1002/14651858.CD016168,2015
CD016168,7,10.1002/14651858.CD016168,2022
CD016211,4,10.1002/14651858.CD016211,2017
CD016211,4,10.1002/14651858.CD016211,2023
CD016278,6,10.1002/14651858.CD016278,2021
CD016278,6,10.1002/14651858.CD016278,2023
